<?xml version="1.0" encoding="utf-8" ?>
<dwsync>
<file name="content_line_bk.jpg" server="D:/wamp/www/e-traveltochina_v2/" local="129841610176897390" remote="129841610170000000" />
<file name="tjjp.jpg" server="D:/wamp/www/e-traveltochina_v2/" local="129674510748164604" remote="129674510740000000" />
<file name="menu_left_bk.jpg" server="D:/wamp/www/e-traveltochina_v2/" local="129841315663136633" remote="129841315660000000" />
<file name="content_top_bk.jpg" server="D:/wamp/www/e-traveltochina_v2/" local="129841580946745521" remote="129841580940000000" />
<file name="content_middle_bk.jpg" server="D:/wamp/www/e-traveltochina_v2/" local="129841581322006984" remote="129841581320000000" />
<file name="content_bottom_bk.jpg" server="D:/wamp/www/e-traveltochina_v2/" local="129841581695658356" remote="129841581690000000" />
<file name="menu_left_top_bk.jpg" server="D:/wamp/www/e-traveltochina_v2/" local="129841294633683817" remote="129841294630000000" />
<file name="menu_left_bottom_bk.jpg" server="D:/wamp/www/e-traveltochina_v2/" local="129841317715684032" remote="129841317710000000" />
<file name="menu_left_n_bk.jpg" server="D:/wamp/www/e-traveltochina_v2/" local="129841314990788177" remote="129841314990000000" />
<file name="menu_left_hover_bk.jpg" server="D:/wamp/www/e-traveltochina_v2/" local="129841308779922936" remote="129841308770000000" />
<file name="menu_left_hover_bk_about.jpg" server="D:/wamp/www/e-traveltochina_v2/" local="129847203759339630" remote="129847203750000000" />
<file name="menu_left_hover_bk_visa.jpg" server="D:/wamp/www/e-traveltochina_v2/" local="129847216912801965" remote="129847216910000000" />
<file name="menu_bg_blue.jpg" server="D:/wamp/www/e-traveltochina_v2/" local="129674510746604601" remote="129674510740000000" />
<file name="menu_over_bg.jpg" server="D:/wamp/www/e-traveltochina_v2/" local="129674510746760601" remote="129674510740000000" />
<file name="muneline.jpg" server="D:/wamp/www/e-traveltochina_v2/" local="129841261640506716" remote="129841261640000000" />
<file name="calendar_bg.jpg" server="D:/wamp/www/e-traveltochina_v2/" local="129851388164793461" remote="129851388160000000" />
<file name="search_flight.png" server="D:/wamp/www/e-traveltochina_v2/" local="129852402013403471" remote="129852402010000000" />
<file name="ASTAlogo_07.gif" server="D:/wamp/www/e-traveltochina_v2/" local="129674510745200599" remote="129674510740000000" />
<file name="PATA_Member_Logo_55_new.jpg" server="D:/wamp/www/e-traveltochina_v2/" local="129674510745200599" remote="129674510740000000" />
<file name="ssl_logo_secure.jpg" server="D:/wamp/www/e-traveltochina_v2/" local="129674510747384602" remote="129674510740000000" />
</dwsync>